# Agent Kernel V2 E0 extension preservation manifest (evidence-only, no behavior change)
# Baseline: 0bf690b2
# Each extension: production caller, feature/config, installed state, credential reference,
# schema/table/file, worker/process, external effect, cancel/restart, equivalence oracle,
# safe smoke, target owner, cutover slice, rollback blocker.
fact_id	extension	production_caller	feature_config	installed_state	credential_reference	schema_table_file	worker_process	external_effect	cancel_restart	equivalence_oracle	safe_smoke	target_owner	cutover_slice	rollback_blocker	status	evidence_command
E0-EXT-01	Gmail/Google	daemon bootstrap google integration + corpus google tools	config/integrations.rs:316 google_enabled, client_id/client_secret (confidential), gmail_ingress_policy_file	google event store + oauth token store	crates/aletheon/src/adapters/google/store.rs (v1 read/v2 write), OAuth client_id/secret	google-event-store (persistence-surfaces.tsv), Corpus Google ExternalEventEnvelope v1/v2	google sync_manager + event_ingress worker	external email/drive/calendar mutation (irreversible)	OAuth refresh; sync recovery (google_sync_recovery.rs)	google-event-store schema + google_tool_flow test (google_tool_flow.rs)	installed config no-destructive smoke only; no send/delete	E2-K6a owner (Gmail writer/effect cutover)	E2-K6a	schema version negotiation; no silent send	CLOSED	rg -n 'google_enabled|google\.client_id' crates/aletheon/src/config/integrations.rs
E0-EXT-02	GBrain	daemon gbrain bootstrap + MCP manager	crates/adapters/gbrain/src/bootstrap.rs:22-46 spool config; supplemental_memory alias	spool_path JSON + mcp server	spool_path via config; secrets normalize_alias("gbrain","supplemental_memory")	supplemental spool (SpoolPolicy path/max_items/max_bytes)	gbrain worker + McpManager	external MCP supplemental memory	spool reopen (SupplementalSpool::open)	spool policy config equivalence	spool open no-destructive smoke	E3 owner (GBrain supplemental-memory adapter)	E3	spool data loss on schema change	CLOSED	rg -n 'SupplementalSpool::open' crates/adapters/gbrain/src/bootstrap.rs
E0-EXT-03	Hardware	hardware simulator + deployment gate	crates/hardware/src/lib.rs:3-10 (real actuators unsupported), deployment_gate.rs:80-86 (HIL fields)	simulator state; no real actuator transport	no credential	SimulatedDevice/SimulatedEmbodiment state	crates/hardware/src/simulator.rs SimulatedDevice	simulator-only effect; real execution fail-closed	deployment_gate.validate_gate (device_id/serial/endpoint required for HIL)	hardware_simulation.rs test oracle	deployment_gate no-destructive smoke (simulator)	E4-K6b owner (Hardware core/bridge cutover)	E4-K6b	HIL gate must be satisfied before real execution	CLOSED	rg -n 'fail.closed|unsupported' crates/hardware/src/lib.rs
E0-EXT-04	Robot VLA	daemon robot bootstrap + episode promoter	crates/aletheon/src/composition/daemon_bootstrap/robot.rs:158,263; crates/aletheon/src/config/robot.rs:214 resolve_robot (embodiment provider + execution_environment)	robot config; simulator vs real execution_environment	no credential (embodiment provider config)	robot episode promotion + robot_audit chain	robot bridge process + MnemosyneEpisodePromoter	robot episode/action (fail-closed without HIL)	robot restart via bootstrap; episode promotion	robot_audit_chain.rs + robot_session_e2e.rs oracle	simulator smoke only; no real robot	E5-K6c owner (Robot VLA episode/evaluation cutover)	E5-K6c	real robot execution gated by HIL evidence	CLOSED	rg -n 'resolve_robot|execution_environment' crates/aletheon/src/config/robot.rs
E0-EXT-05	Pi	daemon bootstrap request.rs:1049 PiDelegateBackend preparation + services.rs:526-551 Runtime registration	crates/aletheon/src/config/coding_runtime.rs:10-48 CodingRuntimeConfig (enabled, executable, sha256, json_protocol_version, worktree_base, require_namespace_isolation, network_enabled)	pi-coder Runtime DelegateBackend registered when enabled	no credential (executable + fixed_args)	pi worktree + pi RPC protocol (json_protocol_version)	PiDelegateBackend (adapters/runtime/pi_rpc.rs) + pi_protocol.rs	Pi coder subprocess mutates worktree (irreversible)	Kernel ProcessController + Runtime AgentSupervisor recovery	pi_real_contract.rs + pi_rpc_runtime.rs oracle	installed config no-destructive smoke (probe, no spawn)	E6-K6d owner (Pi DelegateBackend cutover)	E6-K6d	executable sha256 + protocol version mismatch; namespace isolation required	CLOSED	rg -n 'PiDelegateBackend|ProcessController' crates/aletheon/src/composition/daemon_bootstrap/request.rs crates/aletheon/src/composition/daemon_bootstrap/services.rs crates/aletheon/src/host/runtime/pi_rpc.rs
