# Agent Kernel V2 RA-00 runtime authority census (evidence-only, no behavior change)
# Baseline: 0bf690b2 (contains PR #192 foundation 1631ac3f/d9838d85/d3c5e748 + ratchet)
# Plan: docs/plans/2026-08-09-agent-kernel-v2-deepseek-implementation-plan.md §5
# role: constructor|id_mint|state_machine|journal_writer|projection_writer|registry|composition|compatibility|cache|transport|reader
# authority_kind: authority|projection|cache|transport|compatibility|dead
# status: CLOSED|INVESTIGATE:<blocker-id>
# Test-only fixtures (in-module #[cfg(test)] and crates/*/tests) are counted separately and carry production_callers=0.
fact_id	aggregate	role	path	symbol	current_owner	authority_kind	production_callers	test_callers	installed_config_callers	storage_or_wire	current_writer	target_owner	cutover_slice	deletion_slice	status	evidence_command
RA-S-01	Session	id_mint	crates/aletheon/src/composition/daemon_bootstrap/session_infrastructure.rs:97	create_initial_session mints the selected daemon session authority	aletheon::wiring::daemon::bootstrap::request	authority	RequestHandler::new (aletheon daemon entry)	0	config/architecture/persistence-surfaces.tsv lists session stores	SessionId machine daemon created	RequestHandler::new	Runtime SessionAuthority	RA-03	RA-06	CLOSED	rg -n 'Uuid::new_v4|create_session' crates/aletheon/src/composition/daemon_bootstrap/session_infrastructure.rs
RA-S-02	Session	id_mint	crates/runtime/src/session_service.rs:696	SessionService::fork mints child SessionId	runtime::session_service	authority	SessionService::fork (production API)	5 in-module tests	0	SessionRecord child id	SessionService	Runtime SessionAuthority	RA-03	RA-06	CLOSED	rg -n 'SessionId\(uuid::Uuid::new_v4' crates/runtime/src/session_service.rs
RA-S-03	Session	id_mint	crates/runtime/src/session_service.rs:51	SessionService::ensure_session_visible binds principal	runtime::session_service	authority	RequestHandler daemon bootstrap + session_gateway	0	0	SessionId string derived from request thread_id	SessionService	Runtime SessionAuthority	RA-03	RA-06	CLOSED	rg -n 'SessionId\(' crates/runtime/src/session_service.rs
RA-S-04	Session	id_mint	crates/interact/src/single_message.rs:243	single_message leaves session absent so daemon resolves minted workspace SessionId	interact::single_message	compatibility	interact one-shot CLI	0	0	no caller session mint	Runtime SessionGateway	GatewayClient typed session reference	RA-03/CGP-02	RA-06	CLOSED	rg -n 'session_id,|session_id:' crates/interact/src/single_message.rs
RA-S-05	Session	id_mint	crates/interact/src/tui/app/submit.rs:60-124	submit consumes opaque SessionRef from typed Gateway receipts; no client-side mint	interact::tui::app::submit	compatibility	interact TUI	0	0	SessionRef copied from typed Gateway receipt	TuiController to GatewayClient	typed DTO decode	RA-03/CGP-06	RA-06	CLOSED	rg -n 'SessionRef|GatewayCommandOutcome' crates/interact/src/tui/app/submit.rs
RA-S-06	Session	id_mint	crates/interact/src/tui/app/lifecycle.rs:88	lifecycle reconstructs SessionId from resume/fork replies	interact::tui::app::lifecycle	compatibility	interact TUI	3	0	SessionId wrapper over daemon reply	TuiController to GatewayClient	typed DTO decode	RA-03/CGP-06	RA-06	CLOSED	rg -n 'SessionId\(' crates/interact/src/tui/app/lifecycle.rs
RA-S-07	Session	id_mint	crates/interact/src/tui/app/key_handler.rs:215-470	key_handler consumes opaque SessionRef for typed fork/rewind commands; no client-side mint	interact::tui::app::key_handler	compatibility	interact TUI	0	0	SessionRef copied from typed command state	TuiController to GatewayClient	typed command reference	RA-03/CGP-06	RA-06	CLOSED	rg -n 'SessionRef|GatewayCommandOutcome' crates/interact/src/tui/app/key_handler.rs
RA-S-08	Session	id_mint	crates/interact/src/tui/reducer.rs:146	reducer ReloadSnapshot(SessionId(session_id))	interact::tui::reducer	compatibility	interact TUI reducer	1 in-module reducer test	0	SessionId wrapper over snapshot cursor	reducer local projection	typed projection reference	RA-03/CGP-06	RA-06	CLOSED	rg -n 'ReloadSnapshot\(' crates/interact/src/tui/reducer.rs
RA-S-09	Session	id_mint	crates/aletheon/src/daemon/handler/mod.rs:525	handler reconstructs SessionId from thread_id	aletheon::wiring::daemon::handler	compatibility	daemon RPC/socket handler	0	0	SessionId wrapper over thread_id	daemon handler	typed command reference	RA-03/CGP-03	RA-06	CLOSED	rg -n 'SessionId\(' crates/aletheon/src/daemon/handler/mod.rs
RA-S-10	Session	id_mint	crates/aletheon/src/daemon/handler/rpc/rpc_turn.rs:290	rpc handlers reconstruct SessionId	aletheon::wiring::daemon::handler::rpc	compatibility	daemon RPC handlers	0	0	SessionId wrapper from RPC params	daemon RPC	typed command reference	RA-03/CGP-03	RA-06	CLOSED	rg -n 'SessionId\(' crates/aletheon/src/daemon/handler/rpc
RA-S-11	Session	transport	crates/interact/src/acp/typed_client.rs:69-97	GatewayAcpBackend consumes server-returned SessionRef	interact::acp::typed_client	transport	ACP client	0	0	opaque SessionRef copied into ACP lookup binding	Gateway server	Gateway typed client	RA-03/CGP-05	RA-06	CLOSED	rg -n 'CommandOutcome::Created|SessionRef' crates/interact/src/acp/typed_client.rs
RA-S-12	Session	id_mint	crates/aletheon/src/main.rs:542	main CLI Resume(SessionId(session)) from arg	aletheon::main	compatibility	CLI resume	0	0	SessionId wrapper over CLI arg	CLI host	typed LegacySessionAlias	RA-03/CGP-06	RA-06	CLOSED	rg -n 'InitialSession::Resume' crates/aletheon/src/main.rs
RA-S-14	Session	journal_writer	crates/adapters/sqlite/src/session/protocol_event_store.rs:90	SqliteSessionProtocolEventStore writes protocol_events through Runtime port	adapters_sqlite::session::protocol_event_store	authority	SessionService via SessionProtocolEventStore	0	daemon bootstrap services.rs	sqlite protocol_events table	SqliteSessionProtocolEventStore	Runtime SessionProtocolEventStore	RA-02	RA-06	CLOSED	rg -n 'INSERT INTO protocol_events' crates/adapters/sqlite/src/session/protocol_event_store.rs
RA-S-15	Session	journal_writer	crates/adapters/sqlite/src/session/store.rs:54	SessionStore creates/updates sessions table	adapters_sqlite::session::store	authority	daemon bootstrap request.rs + legacy callers	1 in-module test	0	sqlite sessions table (legacy)	SessionStore	Runtime SessionAuthority	RA-02/RA-03	RA-06	CLOSED	rg -n 'INSERT INTO sessions' crates/adapters/sqlite/src/session/store.rs
RA-S-16	Session	journal_writer	crates/adapters/sqlite/src/session/canonical_store.rs:198	CanonicalSessionStore writes sessions/session_items/session_principals	adapters_sqlite::session::canonical_store	authority	daemon bootstrap + session service	multiple in-module tests	0	sqlite canonical session tables	CanonicalSessionStore	Runtime SessionAuthority	RA-02/RA-03	RA-06	CLOSED	rg -n 'INSERT INTO sessions|INSERT INTO session_items|INSERT INTO session_principals' crates/adapters/sqlite/src/session/canonical_store.rs
RA-S-17	Session	journal_writer	crates/adapters/sqlite/src/session/event_sourced_store.rs:292	EventSourcedSessionStore impl SessionAppendStore	adapters_sqlite::session::event_sourced_store	authority	daemon bootstrap composition	multiple in-module tests	0	EventSpine streams	EventSourcedSessionStore	Runtime RuntimeJournal	RA-02	RA-06	CLOSED	rg -n 'impl SessionAppendStore for EventSourcedSessionStore' crates/adapters/sqlite/src/session/event_sourced_store.rs
RA-S-18	Session	state_machine	crates/runtime/src/session_service.rs:45	SessionService holds append store + active turn map + protocol store port	runtime::session_service	authority	RequestHandler daemon bootstrap + session_gateway	5	0	session stores + protocol port	SessionService	Runtime SessionAuthority	RA-03	RA-06	CLOSED	rg -n 'pub struct SessionService' crates/runtime/src/session_service.rs
RA-S-19	Session	composition	crates/aletheon/src/composition/daemon_bootstrap/services.rs:921	Aletheon composition root builds the canonical SessionProjectionPort adapter	aletheon::wiring::daemon::bootstrap::services	authority	daemon bootstrap	0	0	composes SessionService read projection	CanonicalSessionProjection	Gateway client protocol	RA-03/CGP-04	RA-06	CLOSED	rg -n 'CanonicalSessionProjection::new' crates/aletheon/src/composition/daemon_bootstrap/services.rs
RA-S-20	Session	compatibility	crates/aletheon/src/daemon/legacy_session.rs:86	binary-owned session RPC compatibility adapter	aletheon::daemon::legacy_session	compatibility	aletheon daemon handler + bootstrap	0 retired-crate production callers	retired rollback/tests removed	legacy session resume	Runtime command port + canonical SessionService	Gateway typed resume	RA-03/CGP-03/CGP-08	XRET-04	CLOSED	! rg -n 'executive::compatibility::(legacy_session_service|context_compactor)' crates/aletheon/src
RA-S-21	Session	reader	crates/contracts/src/types/space.rs:10	SessionId(pub String) canonical wrapper	contracts(fabric)	authority	all workspace	0	0	type def, no mint	-	contracts primitive	RA-01/D1	AK2-25	CLOSED	rg -n 'pub struct SessionId' crates/contracts/src/types/space.rs
RA-S-22	Session	reader	crates/contracts/src/types/session.rs:375	SessionAppendStore trait	contracts(fabric)	authority	Aletheon adapters/application wiring	0	0	port trait	-	runtime port	RA-02	AK2-25	CLOSED	rg -n 'pub trait SessionAppendStore' crates/contracts/src/types/session.rs
RA-S-23	Session	id_mint	crates/aletheon/src/adapters/cognitive/daemon_session.rs:90	daemon_react constructs SessionRecord id from thread_id	aletheon::wiring::adapters::cognitive::daemon_session	authority	daemon react turn path	0	0	SessionId derived from request thread_id	daemon_react	Runtime SessionAuthority	RA-03	RA-06	CLOSED	rg -n 'id: SessionId\(request\.context\.thread_id' crates/aletheon/src/adapters/cognitive/daemon_session.rs
RA-S-24	Session	id_mint	crates/aletheon/src/host/request_use_cases.rs:468	request_use_cases wraps SessionId(session_id)	aletheon::wiring::host::request_use_cases	authority	use-case persistence path	0	0	SessionId wrapper over session_id	request_use_cases	Runtime SessionAuthority	RA-03	RA-06	CLOSED	rg -n '&SessionId\(session_id\.into' crates/aletheon/src/host/request_use_cases.rs
RA-S-25	Session	id_mint	crates/aletheon/src/adapters/channel/daemon_adapter.rs:263	channel Gateway request leaves session selection to the Application adapter	aletheon::wiring::adapters::channel::daemon_adapter	authority	Application/Runtime turn boundary	0	0	principal-scoped fallback only in adapter	channel turn adapter	Gateway typed session request	RA-03/CGP-02	RA-06	CLOSED	rg -n 'session_id: None' crates/gateway/src/ports.rs
RA-S-26	Session	id_mint	crates/aletheon/src/host/runtime/native_cognit.rs:316	native_cognit builds SessionRecord id from AgentId	aletheon::wiring::adapters::runtime::native_cognit	authority	Native cognit child turn path	0	0	SessionId derived from AgentId	NativeCognitRuntime	Runtime SessionAuthority	RA-03	RA-06	CLOSED	rg -n 'id: SessionId\(input\.handle\.agent_id' crates/aletheon/src/host/runtime/native_cognit.rs
RA-T-01	Turn	id_mint	crates/application/src/turn/coordinator.rs:642	TurnCoordinator delegates TurnId mint to RuntimeTurnWriter	application::turn::coordinator	authority	TurnCoordinator turn orchestration	0	0	TurnId canonical	minted by RuntimeTurnWriter	Runtime canonical Turn reducer	RA-04	RA-06	CLOSED	rg -n 'runtime_turn_writer.*start_turn|\.start_turn' crates/application/src/turn/coordinator.rs
RA-T-02	Turn	id_mint	crates/aletheon/src/host/turn_pipeline.rs:504	TurnPipeline derives/wraps TurnId from thread/operation	aletheon::wiring::host::turn_pipeline	authority	daemon turn pipeline	0	0	TurnId wrapper over thread/operation	TurnPipeline	Runtime canonical Turn reducer	RA-04	RA-06	CLOSED	rg -n 'TurnId\(' crates/aletheon/src/host/turn_pipeline.rs
RA-T-03	Turn	id_mint	crates/aletheon/src/host/turn_pipeline.rs	Turn tests mint TurnId::new	aletheon::wiring::host::turn_pipeline	compatibility	0	multiple in-module tests	0	TurnId for tests	TurnPipeline (test)	none	-	-	CLOSED	rg -n 'TurnId::new' crates/aletheon/src/host/turn_pipeline.rs
RA-T-04	Turn	id_mint	crates/interact/src/tui/reducer.rs:181	reducer mints TurnId for live turn overlay	interact::tui::reducer	compatibility	interact TUI	1	0	TurnId for local live overlay	reducer	UiOverlayId	RA-04/CGP-07	RA-06	CLOSED	rg -n 'TurnId::new' crates/interact/src/tui/reducer.rs
RA-T-05	Turn	id_mint	crates/interact/src/acp/event_map.rs:244	ACP event_map mints TurnId in mapping	interact::acp::event_map	compatibility	interact ACP	0	0	TurnId for event mapping	tests within event_map	typed event mapping	RA-04/CGP-05	RA-06	CLOSED	rg -n 'TurnId::new' crates/interact/src/acp/event_map.rs
RA-T-06	Turn	compatibility	crates/aletheon/src/host/exec.rs:266	exec CLI keeps a pre-admission non-canonical envelope placeholder; Runtime binds the admitted TurnId	aletheon::wiring::exec	compatibility	CLI exec	0	0	pre-admission turn envelope	ExecTurnEventWriter::bind_runtime_identity	typed exec envelope	RA-04/CGP-06	RA-06	CLOSED	rg -n 'runtime-pending-turn' crates/aletheon/src/host/exec.rs
RA-T-07	Turn	compatibility	crates/aletheon/src/host/exec_session.rs:215	exec session passes a nil client placeholder and canonical Runtime mints TurnId	aletheon::wiring::exec_session	compatibility	CLI exec session builder	0	0	TurnId placeholder only	ExecSessionBuilder	Runtime canonical turn mint	RA-04/CGP-03	RA-06	CLOSED	rg -n 'TurnId\(uuid::Uuid::nil\(\)\)' crates/aletheon/src/host/exec_session.rs
RA-T-09	Turn	state_machine	crates/application/src/turn/coordinator.rs:290	TurnCoordinator creates/advances Turn	application::turn::coordinator	authority	daemon turn orchestration	0	0	Turn state machine	TurnCoordinator	Runtime canonical Turn reducer	RA-04	RA-06	CLOSED	rg -n 'pub struct TurnCoordinator' crates/application/src/turn/coordinator.rs
RA-T-10	Turn	state_machine	crates/aletheon/src/host/turn_pipeline.rs:80	TurnPipeline orchestrates turn	aletheon::wiring::host::turn_pipeline	authority	daemon turn pipeline	0	0	Turn orchestration	TurnPipeline	Runtime narrow ports	RA-04	RA-06	CLOSED	rg -n 'pub struct TurnPipeline' crates/aletheon/src/host/turn_pipeline.rs
RA-T-11	Turn	reader	crates/contracts/src/types/session.rs:15	TurnId(pub Uuid) canonical wrapper	contracts(fabric)	authority	all workspace	0	0	type def, no mint	-	contracts primitive	RA-01/D1	AK2-25	CLOSED	rg -n 'pub struct TurnId' crates/contracts/src/types/session.rs
RA-T-12	Turn	id_mint	crates/aletheon/src/host/request_use_cases.rs:469	request_use_cases mints TurnId::new for fragment persist	aletheon::wiring::host::request_use_cases	authority	use-case persistence path	0	0	TurnId for context-fragment persist	request_use_cases	Runtime canonical Turn reducer	RA-04	RA-06	CLOSED	rg -n '::contracts::TurnId::new' crates/aletheon/src/host/request_use_cases.rs
RA-T-13	Turn	compatibility	crates/aletheon/src/daemon/handler/tool_executor.rs:554	tool executor passes a nil placeholder when no canonical TurnId exists	aletheon::wiring::daemon::handler	compatibility	external capability tool path	0	0	TurnId placeholder on tool request	handler/tool_executor	Runtime canonical Turn reducer	RA-04	RA-06	CLOSED	rg -n 'TurnId\(uuid::Uuid::nil\(\)\)' crates/aletheon/src/daemon/handler/tool_executor.rs
RA-T-14	Turn	id_mint	crates/adapters/agent-backend/src/provider_worker.rs:195	provider_worker mints TurnId::new for sub-agent request	adapters_agent_backend::provider_worker	authority	goal worker/provider runtime path	0	0	TurnId on sub-agent work	provider_worker	Runtime canonical Turn reducer	RA-04	RA-06	CLOSED	rg -n '::contracts::TurnId::new' crates/adapters/agent-backend/src/provider_worker.rs
RA-T-15	Turn	id_mint	crates/aletheon/src/host/runtime/native_cognit.rs:352,467	native_cognit mints TurnId::new per principal turn	aletheon::wiring::adapters::runtime::native_cognit	authority	Native cognit child turn path	0	0	TurnId per Native principal turn	NativeCognitRuntime	Runtime canonical Turn reducer	RA-04	RA-06	CLOSED	rg -n '::contracts::TurnId::new\(\)' crates/aletheon/src/host/runtime/native_cognit.rs
RA-T-16	Turn	id_mint	crates/aletheon/src/host/embodiment/service.rs:175	embodiment_service mints TurnId::new for embodiment turn	aletheon::wiring::embodiment::service	authority	embodiment turn path	0	0	TurnId on embodiment turn	EmbodimentService	Runtime canonical Turn reducer	RA-04	RA-06	CLOSED	rg -n 'turn_id: ::contracts::TurnId::new' crates/aletheon/src/host/embodiment/service.rs
RA-T-17	Turn	id_mint	crates/runtime/src/session_service.rs:674	SessionService::create mints TurnId::new per message	runtime::session_service	authority	SessionService::create legacy import path	0	0	TurnId for legacy message items	SessionService	Runtime canonical Turn reducer	RA-04	RA-06	CLOSED	rg -n 'let turn_id = TurnId::new' crates/runtime/src/session_service.rs
RA-A-01	Agent	id_mint	crates/aletheon/src/composition/agent_control/mod.rs:811	AgentControlService ValidatedAgentIdentity delegates AgentId mint to Runtime AgentSupervisor	aletheon::wiring::composition::agent_control	authority	AgentControlService spawn path	0	0	AgentId canonical	Runtime AgentSupervisor	Runtime AgentSupervisor	RA-05	RA-06	CLOSED	rg -n 'runtime::mint_agent_run_uuid' crates/aletheon/src/composition/agent_control/mod.rs
RA-A-02	Agent	id_mint	crates/aletheon/src/daemon/turn/lifecycle.rs:97	stable_root_agent_id uses Uuid::new_v5 deterministic AgentId	aletheon::wiring::daemon::turn::lifecycle	authority	daemon turn lifecycle	0	0	AgentId deterministic root	daemon_turn lifecycle	Runtime AgentSupervisor	RA-05	RA-06	CLOSED	rg -n 'stable_root_agent_id' crates/aletheon/src/daemon/turn/lifecycle.rs
RA-A-03	Agent	id_mint	crates/aletheon/src/adapters/agent_memory.rs:276	Agent memory adapter tests mint AgentId::new	aletheon::wiring::adapters::agent_memory	compatibility	0	2 in-module tests	0	AgentId for memory tests	-	none	-	-	CLOSED	rg -n 'AgentId::new' crates/aletheon/src/adapters/agent_memory.rs
RA-A-04	Agent	id_mint	crates/runtime/src/agent_live_runs.rs:275	LiveAgentRuns tests mint AgentId	runtime::agent_live_runs	compatibility	0	in-module tests	0	AgentId test fixtures	-	none	-	-	CLOSED	rg -n 'AgentId::new' crates/runtime/src/agent_live_runs.rs
RA-A-05	Agent	id_mint	crates/aletheon/src/composition/agent_control/settlement.rs:1385	settlement test mints AgentId	aletheon::wiring::composition::agent_control::settlement	compatibility	0	in-module tests	0	AgentId test fixture	-	none	-	-	CLOSED	rg -n 'AgentId::new' crates/aletheon/src/composition/agent_control/settlement.rs
RA-A-06	Agent	id_mint	crates/runtime/src/agent_admission.rs:38	Runtime admission fixture constructor uses Runtime mint	runtime::agent_admission	compatibility	0	Aletheon admission tests	0	Runtime-owned AgentId fixture mint	-	none	-	-	CLOSED	rg -n 'mint_agent_run_uuid' crates/runtime/src/agent_admission.rs
RA-A-07	Agent	registry	crates/aletheon/src/host/runtime/test_registry.rs:16	AgentExecutionRegistry test-only fixture catalog	aletheon::wiring::composition::agent_control::execution	compatibility	0	multiple integration fixtures	0	legacy launcher map for tests/rollback	AgentExecutionRegistry	Runtime DelegateBackendRegistry	RA-05	RA-06	CLOSED	rg -n 'AgentExecutionRegistry' crates/aletheon/src/host/runtime/test_registry.rs
RA-A-08	Delegate	registry	crates/runtime/src/agent_supervisor.rs:170	DelegateBackendRegistry is the single Runtime delegate catalog	runtime::agent_supervisor	authority	RuntimeAgentSupervisor composition	0	0	RuntimeId to DelegateBackend	DelegateBackendRegistry	DelegateBackendRegistry	RA-05	RA-06	CLOSED	rg -n 'pub struct DelegateBackendRegistry' crates/runtime/src/agent_supervisor.rs
RA-A-09	Provider	composition	crates/aletheon/src/composition/daemon_bootstrap/runtime.rs:412	register_goal_runtimes returns typed Runtime task backends	aletheon::wiring::daemon::bootstrap::request	compatibility	RequestHandler::new Goal composition	1	1	typed Goal runtime bindings	Runtime DelegateTaskBackend	Runtime DelegateTaskBackend	RA-05	RA-06	CLOSED	rg -n 'register_goal_runtimes' crates/aletheon/src/composition/daemon_bootstrap/runtime.rs
RA-A-10	Agent	state_machine	crates/aletheon/src/composition/agent_control/mod.rs:96	AgentHostAdapter is a host-effects implementation consumed into command/effects/lifecycle facades	aletheon::wiring::composition::agent_control	compatibility	daemon bootstrap receives only AgentHostFacades; concrete adapter is not retained	multiple integration fixtures	0	Kernel/process/mailbox effects plus Runtime projection	Runtime AgentSupervisor	Runtime AgentSupervisor	RA-05	RA-06	CLOSED	rg -n 'into_facades|impl AgentControlPort for RuntimeAgentControlFacade|pub struct RuntimeAgentLifecycleFacade' crates
RA-A-11	Agent	projection_writer	crates/adapters/sqlite/src/runtime_agent/mod.rs:130	SqliteAgentRunProjection writes agent_* tables as the Runtime SQLite projection	adapters_sqlite::runtime_agent	projection	daemon bootstrap via RuntimeAgentRunProjection	multiple in-module tests	0	sqlite agent_* tables	SqliteAgentRunProjection	Runtime AgentSupervisor	RA-02/RA-05	RA-06	CLOSED	rg -n 'impl AgentRunProjection for SqliteAgentRunProjection|INSERT|UPDATE|DELETE' crates/adapters/sqlite/src/runtime_agent/mod.rs
RA-A-12	Agent	reader	crates/runtime/src/agent_repository.rs:48	AgentRunProjection trait	runtime::agent_repository	projection	Aletheon adapters/application wiring	0	0	projection port	-	Runtime AgentSupervisor	RA-05	AK2-25	CLOSED	rg -n 'pub trait AgentRunProjection' crates/runtime/src/agent_repository.rs
RA-A-13	Agent	reader	crates/contracts/src/types/process.rs:10	AgentId(pub Uuid) canonical wrapper	contracts(fabric)	authority	all workspace	0	0	type def, no mint	-	contracts primitive	RA-01/D1	AK2-25	CLOSED	rg -n 'pub struct AgentId' crates/contracts/src/types/process.rs
RA-A-14	Agent	id_mint	crates/mnemosyne/src/memory_maintenance.rs:141	memory_maintenance mints AgentId::new for spawn_intent	mnemosyne::memory_maintenance	authority	memory semantic proposal path	0	0	AgentId root for memory spawn	MemoryMaintenance	Runtime AgentSupervisor	RA-05	RA-06	CLOSED	rg -n 'let root = ::contracts::AgentId::new' crates/mnemosyne/src/memory_maintenance.rs
RA-A-15	Agent	id_mint	crates/contracts/src/types/process.rs:185	SpawnSpec::default mints AgentId::new	contracts(fabric)	authority	workspace-wide SpawnSpec default	0	0	AgentId in default SpawnSpec	SpawnSpec::default	contracts primitive default	RA-01/D1	AK2-25	CLOSED	rg -n 'agent_id: AgentId::new' crates/contracts/src/types/process.rs
RA-D-01	Delegate	registry	crates/aletheon/src/host/runtime/pi_rpc.rs:48	PiDelegateBackend direct Runtime registration	aletheon::wiring::adapters::runtime::pi_rpc	compatibility	request/services composition only	Pi RPC focused tests	0	installed pi-coder	PiDelegateBackend	Runtime DelegateBackend	RA-05/E6-K6d	RA-06	CLOSED	rg -n 'PiDelegateBackend' crates/aletheon/src/composition/daemon_bootstrap/request.rs
RA-D-02	Delegate	registry	crates/runtime/src/agent_supervisor.rs:178	DelegateBackendRegistry is the production Runtime catalog	runtime::agent_supervisor	authority	RequestHandler/services composition	Runtime registry tests	0	RuntimeId -> DelegateBackend	DelegateBackendRegistry	Runtime DelegateBackend	RA-05	RA-06	CLOSED	rg -n 'DelegateBackendRegistry' crates/runtime/src/agent_supervisor.rs
RA-D-03	Delegate	transport	crates/adapters/agent-backend/src/pi.rs:107	Pi/Native stable runtime identifiers are registration inputs only	adapters_agent_backend::pi	compatibility	daemon bootstrap + Runtime catalog	0	0	RuntimeId registration	adapters	Runtime DelegateBackend	RA-05/E6-K6d	RA-06	CLOSED	rg -n 'runtime_id\(' crates/aletheon/src/composition/daemon_bootstrap/request.rs
RA-D-04	Delegate	composition	crates/aletheon/src/composition/daemon_bootstrap/runtime.rs:11	MarkdownAgentProfileLoader composed in bootstrap runtime	aletheon::wiring::daemon::bootstrap::runtime	authority	daemon bootstrap	0	0	profile loading	MarkdownAgentProfileLoader	Runtime profile port	RA-05	RA-06	CLOSED	rg -n 'MarkdownAgentProfileLoader' crates/aletheon/src/composition/daemon_bootstrap/runtime.rs
RA-D-05	Delegate	composition	crates/adapters/agent-profile/src/lib.rs:31	MarkdownAgentProfileLoader struct (filesystem/profile adapter)	adapters_agent_profile	compatibility	daemon bootstrap runtime.rs	0	0	profile loader	MarkdownAgentProfileLoader	Runtime profile port	RA-05	RA-06	CLOSED	rg -n 'pub struct MarkdownAgentProfileLoader' crates/adapters/agent-profile/src/lib.rs
RA-C-01	Composition	composition	crates/aletheon/src/launcher.rs:55	aletheon launcher delegates daemon composition to aletheon wiring	aletheon::launcher	compatibility	aletheon daemon entry	0	0	binary launch facade only; wiring owns composition	aletheon launcher	aletheon composition root	RA-00/CGP-01	CGP-08	CLOSED	rg -n 'pub async fn run_daemon' crates/aletheon/src/launcher.rs
RA-C-02	Composition	composition	crates/aletheon/src/composition/daemon_bootstrap/services.rs:921	CanonicalSessionProjection composes SessionService into the typed handler port	aletheon::wiring::daemon::bootstrap	authority	daemon bootstrap	0	0	SessionService into read projection	CanonicalSessionProjection	Gateway client protocol	RA-03/CGP-04	RA-06	CLOSED	rg -n 'CanonicalSessionProjection::new' crates/aletheon/src/composition/daemon_bootstrap/services.rs
RA-C-03	Composition	composition	crates/aletheon/src/composition/daemon_bootstrap/request.rs:1040	RequestHandler builds typed Runtime launcher bindings + LegacySessionService	aletheon::wiring::daemon::bootstrap::request	authority	daemon bootstrap	0	0	Runtime binding composition + legacy session	RequestHandler	aletheon composition root	RA-05/CGP-01	CGP-08	CLOSED	rg -n 'runtime_bindings|LegacySessionService::new' crates/aletheon/src/composition/daemon_bootstrap/request.rs
RA-C-04	Composition	composition	crates/aletheon/src/composition/daemon_bootstrap/extensions.rs:15	package runtime staging is bound into Runtime supervisor	aletheon::wiring::daemon::bootstrap	authority	extensions bootstrap	0	0	installed package snapshot	PackageRuntimeStaging -> Runtime DelegateBackendRegistry	ExtensionExecutableRuntime -> Runtime DelegateBackendRegistry	RA-05	CGP-08	CLOSED	rg -n 'PackageRuntimeStaging|bind_runtime_supervisor' crates/aletheon/src/composition/daemon_bootstrap/extensions.rs
RA-C-05	Composition	composition	crates/aletheon/src/composition/daemon_bootstrap/services.rs:752	composition injects the canonical SessionInfrastructure append store into TurnCoordinator	aletheon::wiring::daemon::bootstrap::services	authority	daemon bootstrap	0	0	TurnCoordinator composition	composition	Runtime narrow ports	RA-04	CGP-08	CLOSED	rg -n 'session_infra.append_store' crates/aletheon/src/composition/daemon_bootstrap/services.rs
RA-J-01	Journal	journal_writer	crates/adapters/sqlite/src/event_spine.rs:245	SqliteEventSpine impl EventSpine	adapters_sqlite::event_spine	authority	daemon bootstrap canonical_event_spine	multiple in-module tests	0	sqlite event spine streams	SqliteEventSpine	Runtime RuntimeJournal	RA-02	RA-06	CLOSED	rg -n 'impl EventSpine for SqliteEventSpine' crates/adapters/sqlite/src/event_spine.rs
RA-J-02	Journal	transport	crates/runtime/src/event_projection/bus.rs:18	CanonicalEventBus in-memory notification bus	runtime::event_projection	projection	executive app/adapters, dasein, cognit, corpus	0	0	in-memory event notification (not durable journal)	CanonicalEventBus	Runtime notification port	RA-02	D6	CLOSED	rg -n 'pub struct CanonicalEventBus' crates/runtime/src/event_projection/bus.rs
RA-J-03	Journal	reader	crates/runtime/src/event_spine.rs:164	EventSpine trait	runtime::event_spine	authority	Aletheon adapters/application wiring	0	0	port trait	-	runtime port	RA-02	D6	CLOSED	rg -n 'pub trait EventSpine' crates/runtime/src/event_spine.rs
RA-J-04	Journal	projection_writer	crates/runtime/src/public_session_projection.rs	SessionProjection reads items/protocol and writes ActivitySnapshot	runtime::public_session_projection	projection	daemon TUI/projection	multiple in-module tests	0	projection read (no authority write)	SessionProjection	Runtime projection port	RA-03/CGP-06	-	CLOSED	rg -n 'project_activities' crates/runtime/src/public_session_projection.rs
RA-T-19	Turn	compatibility	crates/aletheon/src/host/exec.rs:266	aletheon Exec wiring carries an explicit pre-admission turn placeholder until Runtime binding	aletheon::wiring::exec	compatibility	aletheon Exec host launch	0	0	pre-admission turn envelope	RuntimeIdentityBinder	typed event	RA-04/CGP-08	RA-06	CLOSED	rg -n 'runtime-pending-turn' crates/aletheon/src/host/exec.rs
RA-T-20	Turn	compatibility	crates/aletheon/src/daemon/handler/tool_executor.rs:554	aletheon daemon tool executor uses an explicit nil turn for out-of-turn capability context	aletheon::wiring::daemon::handler	compatibility	aletheon daemon external capability path	0	0	non-canonical external capability context	aletheon daemon tool executor	Runtime canonical Turn reducer	RA-04/CGP-08	RA-06	CLOSED	rg -n 'turn_id: ::contracts::TurnId\(uuid::Uuid::nil\(\)\)' crates/aletheon/src/daemon/handler/tool_executor.rs
RA-T-21	Turn	compatibility	crates/aletheon/src/host/exec_session.rs:212	aletheon ExecSessionBuilder uses an explicit nil turn before Runtime admission	aletheon::wiring::exec_session	compatibility	aletheon exec command	0	0	non-canonical CLI capability context	ExecSessionBuilder	Runtime canonical Turn reducer	RA-04/CGP-08	RA-06	CLOSED	rg -n '::contracts::TurnId\(uuid::Uuid::nil\(\)\)' crates/aletheon/src/host/exec_session.rs
RA-C-06	Composition	composition	crates/aletheon/src/composition/turn_coordinator.rs:53	aletheon composition root builds EventSourcedSessionStore for canonical TurnCoordinator	aletheon::wiring::composition::turn_coordinator	authority	aletheon exec/daemon bootstrap	0	0	0	TurnCoordinator session append composition	Runtime narrow ports	RA-04/CGP-08	RA-06	CLOSED	rg -n 'EventSourcedSessionStore::new' crates/aletheon/src/composition/turn_coordinator.rs
RA-A-16	Agent	projection_writer	crates/runtime/src/agent_candidates.rs:14	Runtime owns bounded CandidateCause/CandidateSubmission/AgentCandidateSubmissionPort contract; Aletheon retains the Agora projector adapter	runtime::agent_candidates	authority	Agent event -> conscious candidate admission	0	0	Candidate submission envelope and admission port	Runtime candidate contract	Runtime AgentSupervisor	RA-05+D4	RA-06	CLOSED	rg -n 'pub struct CandidateSubmission|pub trait AgentCandidateSubmissionPort' crates/runtime/src/agent_candidates.rs
RA-A-17	Agent	transport	crates/runtime/src/agent_wait.rs:10	Runtime owns the bounded Agent wait/timing port and Tokio production implementation; Aletheon retains only host composition	runtime::agent_wait	authority	Agent lifecycle wait for state change	0	0	Bounded state-change wait	Runtime Agent wait port	Runtime AgentSupervisor	RA-05	RA-06	CLOSED	rg -n 'pub trait AgentWaitTimer|pub struct SystemAgentWaitTimer' crates/runtime/src/agent_wait.rs
RA-T-22	Turn	state_machine	crates/runtime/src/ports.rs:24	Runtime owns the narrow TurnLifecycleWriter port; Aletheon TurnCoordinator consumes a trait object instead of the concrete writer	runtime::ports::TurnLifecycleWriter	authority	TurnCoordinator terminal lifecycle calls	0	0	Typed start/settle/cancel/timeout/disconnect/crash port	RuntimeTurnWriter	Runtime Turn reducer	RA-04	RA-06	CLOSED	rg -n 'pub trait TurnLifecycleWriter' crates/runtime/src/ports.rs
RA-T-23	Turn	state_machine	crates/runtime/src/turn_cancellation.rs:12	Runtime owns first-reason-wins Turn cancellation state; Aletheon host consumes the typed cancellation handle for host execution	runtime::turn_cancellation::TurnCancellation	authority	Turn coordinator abort and settlement fallback	0	0	Typed cancellation reason plus token	Runtime Turn cancellation	Runtime Turn reducer	RA-04	RA-06	CLOSED	rg -n 'pub struct TurnCancellation|pub fn request' crates/runtime/src/turn_cancellation.rs
RA-T-24	Turn	state_machine	crates/runtime/src/ports.rs:45	Runtime TurnLifecycleWriter exposes typed late_receipt observation transition to hosts; no late terminal reversal is permitted	runtime::ports::TurnLifecycleWriter	authority	Runtime turn late-receipt recovery callers	0	0	Typed late receipt observation port	RuntimeTurnWriter	Runtime Turn reducer	RA-04	RA-06	CLOSED	rg -n 'late_receipt' crates/runtime/src/ports.rs
RA-T-25	Turn	state_machine	crates/runtime/src/turn_registry.rs:7	Runtime owns ActiveTurn/ActiveTurnKey identity and cancellation records; Aletheon host only indexes and projects compatibility views	runtime::turn_registry	authority	Turn coordinator active index and session interrupt adapter	0	0	Active Turn record with canonical runtime id	Runtime turn registry	Runtime Turn reducer	RA-04	RA-06	CLOSED	rg -n 'pub struct ActiveTurn|pub struct ActiveTurnKey' crates/runtime/src/turn_registry.rs
RA-A-18	Agent	state_machine	crates/runtime/src/agent_topology.rs:12	Runtime owns bounded directional sibling topology routes; Aletheon host performs durable identity validation and delegates route storage/checks	runtime::agent_topology	authority	AgentControl sibling messaging policy	0	0	Directional parent/from/to route set	Runtime topology routes	Runtime AgentSupervisor	RA-05	RA-06	CLOSED	rg -n 'pub struct AgentTopologyRoutes' crates/runtime/src/agent_topology.rs
RA-C-07	Composition	composition	crates/aletheon/src/host/session/test_composition.rs:32	Aletheon integration fixtures compose an in-memory EventSourcedSessionStore only for retained tests	aletheon::wiring::host::session::test_composition	compatibility	integration tests only	0	multiple retained Aletheon tests	0	in-memory SessionAppendStore fixture	Runtime canonical composition	CGP-08	XRET-05	CLOSED	rg -n 'EventSourcedSessionStore::new' crates/aletheon/src/host/session/test_composition.rs
